{
  "formatVersion": 1,
  "database": {
    "version": 1,
    "identityHash": "344de3a1bf95a797b88856e0acd78b51",
    "entities": [
      {
        "tableName": "drawings",
        "createSql": "CREATE TABLE IF NOT EXISTS `${TABLE_NAME}` (`key_id` TEXT NOT NULL, `word` TEXT, `countrycode` TEXT, `timestamp` TEXT, `recognized` INTEGER NOT NULL, `drawing` TEXT, PRIMARY KEY(`key_id`))",
        "fields": [
          {
            "fieldPath": "keyId",
            "columnName": "key_id",
            "affinity": "TEXT",
            "notNull": true
          },
          {
            "fieldPath": "word",
            "columnName": "word",
            "affinity": "TEXT",
            "notNull": false
          },
          {
            "fieldPath": "countryCode",
            "columnName": "countrycode",
            "affinity": "TEXT",
            "notNull": false
          },
          {
            "fieldPath": "timestamp",
            "columnName": "timestamp",
            "affinity": "TEXT",
            "notNull": false
          },
          {
            "fieldPath": "recognized",
            "columnName": "recognized",
            "affinity": "INTEGER",
            "notNull": true
          },
          {
            "fieldPath": "drawing",
            "columnName": "drawing",
            "affinity": "TEXT",
            "notNull": false
          }
        ],
        "primaryKey": {
          "columnNames": [
            "key_id"
          ],
          "autoGenerate": false
        },
        "indices": [],
        "foreignKeys": []
      }
    ],
    "setupQueries": [
      "CREATE TABLE IF NOT EXISTS room_master_table (id INTEGER PRIMARY KEY,identity_hash TEXT)",
      "INSERT OR REPLACE INTO room_master_table (id,identity_hash) VALUES(42, \"344de3a1bf95a797b88856e0acd78b51\")"
    ]
  }
}